{
  "n_runs": 5,
  "consistency_threshold": 4,
  "total_facts": 77,
  "overall_accuracy": {
    "mean": 0.903896103896104,
    "min": 0.8701298701298701,
    "max": 0.948051948051948,
    "per_run": [
      0.8701298701298701,
      0.948051948051948,
      0.8961038961038961,
      0.8961038961038961,
      0.9090909090909091
    ]
  },
  "consistency_at_80pct": 0.8831168831168831,
  "code_accuracy": 0.2541436464088398,
  "per_system_accuracy": {
    "SNOMED": 0.3969849246231156,
    "ICD-10": 0.453125,
    "LOINC": 0.36538461538461536,
    "RxNorm": 0.08247422680412371
  },
  "per_class_accuracy": {
    "NEW": {
      "mean": 0.9319148936170212,
      "min": 0.8936170212765957,
      "max": 0.9787234042553191,
      "n": 47
    },
    "DUPLICATE": {
      "mean": 0.9230769230769231,
      "min": 0.8846153846153846,
      "max": 0.9615384615384616,
      "n": 26
    },
    "UPDATING": {
      "mean": 0.5333333333333333,
      "min": 0.3333333333333333,
      "max": 0.6666666666666666,
      "n": 3
    },
    "CONFLICTING": {
      "mean": 0.2,
      "min": 0.0,
      "max": 1.0,
      "n": 1
    }
  },
  "per_tier_accuracy": {
    "clean": {
      "mean": 0.9400000000000001,
      "min": 0.9,
      "max": 0.9666666666666667
    },
    "messy": {
      "mean": 0.86,
      "min": 0.8,
      "max": 0.9
    },
    "trap": {
      "mean": 0.8962962962962961,
      "min": 0.8148148148148148,
      "max": 0.9629629629629629
    }
  },
  "trap_rejection": {
    "mean": 0.48,
    "min": 0.4444444444444444,
    "max": 0.5777777777777777
  },
  "provenance_coverage": 1.0,
  "stability": {
    "stable_right": 60,
    "flaky": 15,
    "stable_wrong": 2
  },
  "stable_wrong_cases": [
    {
      "note": "C5-cardiology-chest-pain-acs-ruleout",
      "fact_id": "C5-F3",
      "expected": "DUPLICATE",
      "always_actual": "NEW",
      "distribution": {
        "NEW": 5
      }
    },
    {
      "note": "N4-neurology-cognitive-moca-eval",
      "fact_id": "N4-F2",
      "expected": "UPDATING",
      "always_actual": "MISSING",
      "distribution": {
        "MISSING": 4,
        "NEW": 1
      }
    }
  ],
  "hit_rate_distribution": {
    "5": 60,
    "4": 8,
    "0": 2,
    "3": 4,
    "1": 2,
    "2": 1
  },
  "misclassification_decomposition": {
    "coding_miss": 12,
    "extraction_miss": 23,
    "reconciler_miss": 2
  },
  "confusion_matrix": {
    "NEW": {
      "NEW": 219,
      "MISSING": 16
    },
    "DUPLICATE": {
      "DUPLICATE": 120,
      "NEW": 7,
      "UPDATING": 3
    },
    "UPDATING": {
      "NEW": 3,
      "MISSING": 4,
      "UPDATING": 8
    },
    "CONFLICTING": {
      "MISSING": 3,
      "CONFLICTING": 1,
      "NEW": 1
    }
  },
  "usage": {
    "n_runs": 5,
    "by_stage": {
      "stage4_code": {
        "calls": 2177,
        "input_tokens": 1158074,
        "output_tokens": 149275,
        "cached_tokens": 0,
        "reasoning_tokens": 94852,
        "wall_ms": 3364465,
        "usd": 1.540306,
        "by_model": {
          "gpt-5.4-mini": 2177
        }
      },
      "guardrail": {
        "calls": 17,
        "input_tokens": 22439,
        "output_tokens": 1286,
        "cached_tokens": 0,
        "reasoning_tokens": 0,
        "wall_ms": 26956,
        "usd": 0.006095,
        "by_model": {
          "gpt-5.4-nano": 17
        }
      },
      "stage5_reconcile": {
        "calls": 6,
        "input_tokens": 3945,
        "output_tokens": 1774,
        "cached_tokens": 0,
        "reasoning_tokens": 1108,
        "wall_ms": 21453,
        "usd": 0.010941,
        "by_model": {
          "gpt-5.4-mini": 6
        }
      },
      "stage2_extract": {
        "calls": 1831,
        "input_tokens": 2921998,
        "output_tokens": 307042,
        "cached_tokens": 1892864,
        "reasoning_tokens": 143633,
        "wall_ms": 4039306,
        "usd": 2.295487,
        "by_model": {
          "gpt-5.4-mini": 1831
        }
      },
      "stage3_merge": {
        "calls": 170,
        "input_tokens": 161367,
        "output_tokens": 16820,
        "cached_tokens": 0,
        "reasoning_tokens": 11948,
        "wall_ms": 281955,
        "usd": 0.196716,
        "by_model": {
          "gpt-5.4-mini": 170
        }
      }
    },
    "totals": {
      "calls": 4201,
      "input_tokens": 4267823,
      "output_tokens": 476197,
      "cached_tokens": 1892864,
      "reasoning_tokens": 251541,
      "wall_ms": 7734135,
      "usd": 4.049545
    },
    "per_run_avg": {
      "wall_ms": 1546827.0,
      "usd": 0.809909,
      "tokens_in": 853564.6,
      "tokens_out": 95239.4
    }
  },
  "meta": {
    "model": "gpt-5.4-mini",
    "nano_model": "gpt-5.4-nano",
    "git_sha": "3851866",
    "prompt_version": "2026-05-03.08",
    "n_notes": 18,
    "n_fixtures": 13,
    "n_facts_per_run": 77,
    "wall_seconds": 1518.1813043751754,
    "date": "2026-05-04 02:15 UTC",
    "total_cost_usd": 4.0495,
    "total_llm_calls": 4201
  }
}
